"Cancer_type","Gene","Coef","SE","CI_lower","CI_upper","Pval","I2","Q_Pval"
"Other","CXCL9",-0.207043159831354,0.10161228265618,-0.406199574224371,-0.00788674543833684,0.0415919490024105,0,0.474850015042599
