"HR","SE","N","Low","Up","Pval"
-0.610564393356753,0.180454089138853,195,0.381269841577835,0.773460344590001,0.00071571121051102
