"Treatment","Gene","Coef","SE","CI_lower","CI_upper","Pval","I2","Q_Pval"
"PD-1/PD-L1","null",-0.187536130814649,0.0903366854068104,-0.364592780694722,-0.0104794809345755,0.0378968465184422,0.183578387855042,0.297773202827287
"Other","null",-0.396662536210549,0.131964837470596,-0.655308864878599,-0.138016207542499,0.00264865814025375,0,0.688311389850195
