"HR","SE","N","Low","Up","Pval"
-0.118364254466469,0.0283544349725281,195,0.840349060022793,0.939140124893779,2.98702952768874e-05
