"Treatment","Gene","Coef","SE","CI_lower","CI_upper","Pval","I2","Q_Pval"
"PD-1/PD-L1","CXCL9",-0.197179427815814,0.0950096578721047,-0.383394935428611,-0.0109639202030161,0.0379530028717229,0.127963970345104,0.332359692694923
"Other","CXCL9",-0.332151829412133,0.118007057253493,-0.563441411550536,-0.10086224727373,0.00488261789674634,0,0.400279062257888
