"HR","SE","N","Low","Up","Pval"
-0.347388789111072,0.0832177997946628,195,0.600199799770069,0.83169882020663,2.9870295276887e-05
